k  , blocks.ms, blocks.N, file.ms, file.N, json.ms, json.N, log.ms, log.N
  1,     14626,   351039,    8628, 351038,   23089, 458803,  20390, 458803
  2,      7201,   351039,    2906, 175519,   14968, 458803,  11816, 458803
  3,      6679,   351039,    4233, 117012,   12239, 458803,   7851, 458803
  4,      5239,   351039,    2618,  87759,   10869, 458803,   6775, 458803
  5,      4087,   351039,    2578,  70207,    9838, 458803,   5815, 458803
  6,      3730,   351039,    1275,  58506,    9136, 458803,   4961, 458803
  7,      3501,   351039,    2592,  50148,    8698, 458803,   4310, 458803
  8,      3164,   351039,    2537,  43879,    8355, 458803,   4019, 458803
  9,      3016,   351039,    1413,  39004,    7943, 458803,   3752, 458803
 10,      2860,   351039,    2127,  35103,    7863, 458803,   3635, 458803
 11,      2323,   351039,    1202,  31912,    7546, 458803,   3444, 458803
 12,      2497,   351039,    1896,  29253,    7269, 458803,   3280, 458803
 13,      2136,   351039,    1181,  27002,    7186, 458803,   3142, 458803
 14,      2351,   351039,     984,  25074,    7180, 458803,   3102, 458803
 15,      2058,   351039,    1476,  23402,    7072, 458803,   2984, 458803
 16,      1899,   351039,    1229,  21939,    6858, 458803,   2887, 458803
 17,      2021,   351039,    1028,  20649,    7026, 458803,   2865, 458803
 18,      2030,   351039,    1372,  19502,    6882, 458803,   2862, 458803
 19,      1527,   351039,     789,  18475,    6710, 458803,   2804, 458803
 20,      1805,   351039,    1262,  17551,    6851, 458803,   2682, 458803
 21,      1456,   351039,     879,  16716,    6605, 458803,   2644, 458803
 22,      1545,   351039,    1121,  15956,    6573, 458803,   2610, 458803
 23,      1422,   351039,     772,  15262,    6525, 458803,   2620, 458803
 24,      1505,   351039,    1203,  14626,    6521, 458803,   2597, 458803
 25,      1483,   351039,    1157,  14041,    6486, 458803,   2454, 458803
 26,      1443,   351039,    1191,  13501,    6623, 458803,   2443, 458803
 27,      1288,   351039,    1030,  13001,    6393, 458803,   2557, 458803
 28,      1223,   351039,     860,  12537,    6424, 458803,   2472, 458803
 29,      1202,   351039,     849,  12104,    6379, 458803,   2409, 458803
 30,      1265,   351039,     821,  11701,    6292, 458803,   2411, 458803
 31,      1374,   351039,     981,  11323,    6550, 458803,   2429, 458803
 32,      1090,   351039,    1061,  10969,    6310, 458803,   2390, 458803
 33,      1105,   351039,     818,  10637,    6233, 458803,   2509, 458803
 34,      1065,   351039,     721,  10324,    6290, 458803,   2357, 458803
 35,       990,   351039,     910,  10029,    6260, 458803,   2344, 458803
 36,      1156,   351039,     940,   9751,    6288, 458803,   2322, 458803
 37,      1224,   351039,     862,   9487,    6234, 458803,   2299, 458803
 38,      1053,   351039,     858,   9237,    6238, 458803,   2264, 458803
 39,      1135,   351039,     817,   9000,    6195, 458803,   2340, 458803
 40,      1193,   351039,     677,   8775,    6112, 458803,   2232, 458803
 41,      1159,   351039,     701,   8561,    6161, 458803,   2282, 458803
 42,      1133,   351039,     801,   8358,    6100, 458803,   2257, 458803
 43,      1010,   351039,     824,   8163,    6134, 458803,   2249, 458803
 44,       900,   351039,     773,   7978,    6072, 458803,   2191, 458803
 45,      1017,   351039,     731,   7800,    6092, 458803,   2232, 458803
 46,      1092,   351039,     745,   7631,    6259, 458803,   2211, 458803
 47,       906,   351039,     790,   7468,    6168, 458803,   2174, 458803
 48,       793,   351039,     637,   7313,    6071, 458803,   2206, 458803
 49,       726,   351039,     786,   7164,    6217, 458803,   2165, 458803
 50,       988,   351039,     655,   7020,    6081, 458803,   2160, 458803
 51,       884,   351039,     726,   6883,    6116, 458803,   2185, 458803
 52,       795,   351039,     830,   6750,    6122, 458803,   2153, 458803
 53,       816,   351039,     622,   6623,    6050, 458803,   2165, 458803
 54,      1025,   351039,     700,   6500,    6038, 458803,   2132, 458803
 55,       875,   351039,     712,   6382,    6105, 458803,   2111, 458803
 56,       852,   351039,     648,   6268,    5906, 458803,   2158, 458803
 57,       925,   351039,     755,   6158,    6014, 458803,   2151, 458803
 58,       830,   351039,     690,   6052,    6041, 458803,   2139, 458803
 59,       895,   351039,     664,   5949,    5971, 458803,   2233, 458803
 60,       914,   351039,     682,   5850,    5959, 458803,   2082, 458803
 61,       878,   351039,     648,   5754,    5964, 458803,   2079, 458803
 62,       981,   351039,     528,   5661,    5924, 458803,   2083, 458803
 63,       744,   351039,     674,   5572,    5972, 458803,   2107, 458803
 64,       740,   351039,     564,   5484,    6050, 458803,   2140, 458803
 65,       776,   351039,     603,   5400,    6030, 458803,   2220, 458803
 66,       830,   351039,     665,   5318,    6026, 458803,   2120, 458803
 67,       904,   351039,     643,   5239,    6027, 458803,   2100, 458803
 68,       687,   351039,     625,   5162,    6014, 458803,   2146, 458803
 69,       833,   351039,     639,   5087,    6046, 458803,   2119, 458803
 70,       811,   351039,     650,   5014,    5897, 458803,   2122, 458803
 71,       714,   351039,     552,   4944,    5918, 458803,   2137, 458803
 72,       925,   351039,     577,   4875,    5900, 458803,   1998, 458803
 73,       876,   351039,     652,   4808,    5886, 458803,   2025, 458803
 74,       851,   351039,     652,   4743,    6016, 458803,   2128, 458803
 75,       687,   351039,     579,   4680,    6040, 458803,   2065, 458803
 76,       889,   351039,     649,   4618,    6049, 458803,   2116, 458803
 77,       856,   351039,     646,   4558,    5930, 458803,   2087, 458803
 78,       833,   351039,     710,   4500,    5910, 458803,   2047, 458803
 79,       779,   351039,     617,   4443,    5882, 458803,   2054, 458803
 80,       648,   351039,     598,   4387,    5849, 458803,   2171, 458803
 81,       732,   351039,     520,   4333,    5908, 458803,   2067, 458803
 82,       800,   351039,     560,   4280,    5930, 458803,   2035, 458803
 83,       878,   351039,     603,   4229,    5879, 458803,   2045, 458803
 84,       900,   351039,     628,   4179,    5837, 458803,   2147, 458803
 85,       729,   351039,     536,   4129,    5862, 458803,   2107, 458803
 86,       873,   351039,     578,   4081,    5900, 458803,   2063, 458803
 87,       764,   351039,     542,   4034,    6032, 458803,   2017, 458803
 88,       837,   351039,     574,   3989,    6079, 458803,   2043, 458803
 89,       781,   351039,     536,   3944,    6072, 458803,   2117, 458803
 90,       699,   351039,     585,   3900,    5911, 458803,   2110, 458803
 91,       722,   351039,     511,   3857,    5904, 458803,   1990, 458803
 92,       716,   351039,     523,   3815,    5777, 458803,   2049, 458803
 93,       662,   351039,     546,   3774,    6048, 458803,   2067, 458803
 94,       709,   351039,     564,   3734,    6027, 458803,   2030, 458803
 95,       604,   351039,     582,   3695,    5958, 458803,   2019, 458803
 96,       757,   351039,     576,   3656,    5817, 458803,   2050, 458803
 97,       755,   351039,     545,   3618,    6056, 458803,   2032, 458803
 98,       686,   351039,     534,   3582,    5860, 458803,   2062, 458803
 99,       704,   351039,     533,   3545,    5960, 458803,   2025, 458803
100,       791,   351039,     530,   3510,    6040, 458803,   2023, 458803
101,       782,   351039,     482,   3475,    5890, 458803,   2047, 458803
102,       806,   351039,     490,   3441,    6105, 458803,   2045, 458803
103,       686,   351039,     477,   3408,    5894, 458803,   2104, 458803
104,       732,   351039,     489,   3375,    6080, 458803,   1988, 458803
105,       747,   351039,     480,   3343,    6008, 458803,   2016, 458803
106,       759,   351039,     521,   3311,    5847, 458803,   1947, 458803
107,       649,   351039,     504,   3280,    6037, 458803,   2029, 458803
108,       683,   351039,     475,   3250,    6290, 458803,   2082, 458803
109,       797,   351039,     508,   3220,    6004, 458803,   2014, 458803
110,       702,   351039,     522,   3191,    6054, 458803,   2015, 458803
111,       769,   351039,     514,   3162,    6198, 458803,   1994, 458803
112,       653,   351039,     508,   3134,    5914, 458803,   2017, 458803
113,       727,   351039,     498,   3106,    6014, 458803,   1995, 458803
114,       760,   351039,     507,   3079,    5810, 458803,   2009, 458803
115,       638,   351039,     497,   3052,    5880, 458803,   2052, 458803
116,       613,   351039,     509,   3026,    5877, 458803,   2046, 458803
117,       676,   351039,     480,   3000,    5861, 458803,   2055, 458803
118,       645,   351039,     501,   2974,    5859, 458803,   1962, 458803
119,       697,   351039,     470,   2949,    5814, 458803,   1997, 458803
120,       762,   351039,     438,   2925,    6170, 458803,   2026, 458803
121,       608,   351039,     486,   2901,    5802, 458803,   2049, 458803
122,       653,   351039,     467,   2877,    6050, 458803,   2001, 458803
123,       762,   351039,     448,   2853,    5975, 458803,   2042, 458803
124,       720,   351039,     484,   2830,    5966, 458803,   2036, 458803
125,       730,   351039,     477,   2808,    6123, 458803,   2036, 458803
126,       647,   351039,     451,   2786,    6246, 458803,   2002, 458803
127,       605,   351039,     516,   2764,    6031, 458803,   2246, 458803
